name,reference product
"ethanol production, via fermentation, from wheat, with carbon capture and storage","ethanol, from wheat grains"
"ethanol, from wheat grains, with carbon capture and storage, energy allocation, at fuelling station","ethanol, without water, in 99.7% solution state, vehicle grade"
"bioethanol, from non-residual cellulosic biomass, burned in passenger car",heat
"ethanol production, via fermentation, from wheat, with carbon capture and storage","ethanol, from wheat grains"
"ethanol production, via fermentation, from wheat, with carbon capture and storage","ethanol, from wheat grains"
"ethanol production, via fermentation, from wheat, with carbon capture and storage","ethanol, from wheat grains"
"ethanol production, via fermentation, from wheat, with carbon capture and storage","ethanol, from wheat grains"
"ethanol production, via fermentation, from wheat, with carbon capture and storage","ethanol, from wheat grains"
"ethanol production, via fermentation, from wheat, with carbon capture and storage","ethanol, from wheat grains"
"ethanol production, via fermentation, from wheat, with carbon capture and storage","ethanol, from wheat grains"
"ethanol production, via fermentation, from wheat, with carbon capture and storage","ethanol, from wheat grains"
"ethanol production, via fermentation, from wheat, with carbon capture and storage","ethanol, from wheat grains"
"ethanol production, via fermentation, from wheat, with carbon capture and storage","ethanol, from wheat grains"
"ethanol production, via fermentation, from wheat, with carbon capture and storage","ethanol, from wheat grains"
"ethanol production, via fermentation, from wheat, with carbon capture and storage","ethanol, from wheat grains"
"ethanol production, via fermentation, from wheat, with carbon capture and storage","ethanol, from wheat grains"
esterification of soybean oil,glycerine
esterification of soybean oil,glycerine
esterification of soybean oil,glycerine
esterification of soybean oil,glycerine
esterification of soybean oil,glycerine
esterification of soybean oil,glycerine
esterification of soybean oil,glycerine
esterification of soybean oil,glycerine
esterification of soybean oil,glycerine
esterification of soybean oil,glycerine
esterification of soybean oil,glycerine
esterification of soybean oil,glycerine
esterification of soybean oil,glycerine
esterification of soybean oil,fatty acid methyl ester
esterification of soybean oil,fatty acid methyl ester
esterification of soybean oil,fatty acid methyl ester
esterification of soybean oil,fatty acid methyl ester
esterification of soybean oil,fatty acid methyl ester
esterification of soybean oil,fatty acid methyl ester
esterification of soybean oil,fatty acid methyl ester
esterification of soybean oil,fatty acid methyl ester
esterification of soybean oil,fatty acid methyl ester
esterification of soybean oil,fatty acid methyl ester
esterification of soybean oil,fatty acid methyl ester
esterification of soybean oil,fatty acid methyl ester
esterification of soybean oil,fatty acid methyl ester
"gallium production, semiconductor-grade","gallium, semiconductor-grade"
"gallium production, semiconductor-grade","gallium, semiconductor-grade"
"gallium production, semiconductor-grade","gallium, semiconductor-grade"
"gallium production, semiconductor-grade","gallium, semiconductor-grade"
"gallium production, semiconductor-grade","gallium, semiconductor-grade"
sodium borate mine operation and beneficiation,sodium borates
sodium borate mine operation and beneficiation,sodium borates
sodium borate mine operation and beneficiation,sodium borates
sodium borate mine operation and beneficiation,sodium borates
sodium borate mine operation and beneficiation,sodium borates
sodium borate mine operation and beneficiation,sodium borates
sodium borate mine operation and beneficiation,sodium borates
sodium borate mine operation and beneficiation,sodium borates
sodium borate mine operation and beneficiation,sodium borates
"treatment of electric arc furnace slag, residual material landfill",electric arc furnace slag
"treatment of electric arc furnace slag, residual material landfill",electric arc furnace slag
"treatment of electric arc furnace slag, residual material landfill",electric arc furnace slag
"treatment of electric arc furnace slag, residual material landfill",electric arc furnace slag
"treatment of electric arc furnace slag, residual material landfill",electric arc furnace slag
"treatment of electric arc furnace slag, residual material landfill",electric arc furnace slag
"treatment of electric arc furnace slag, residual material landfill",electric arc furnace slag
"treatment of electric arc furnace slag, residual material landfill",electric arc furnace slag
"treatment of electric arc furnace slag, residual material landfill",electric arc furnace slag
"treatment of electric arc furnace slag, residual material landfill",electric arc furnace slag
"treatment of electric arc furnace slag, residual material landfill",electric arc furnace slag
"treatment of electric arc furnace slag, residual material landfill",electric arc furnace slag
"treatment of electric arc furnace slag, residual material landfill",electric arc furnace slag
"electric arc furnace slag to market for electric arc furnace slag, for recovery",electric arc furnace slag
"electric arc furnace slag to market for electric arc furnace slag, for recovery",electric arc furnace slag
"electric arc furnace slag to market for electric arc furnace slag, for recovery",electric arc furnace slag
"electric arc furnace slag to market for electric arc furnace slag, for recovery",electric arc furnace slag
"electric arc furnace slag to market for electric arc furnace slag, for recovery",electric arc furnace slag
"electric arc furnace slag to market for electric arc furnace slag, for recovery",electric arc furnace slag
"electric arc furnace slag to market for electric arc furnace slag, for recovery",electric arc furnace slag
"electric arc furnace slag to market for electric arc furnace slag, for recovery",electric arc furnace slag
"electric arc furnace slag to market for electric arc furnace slag, for recovery",electric arc furnace slag
"electric arc furnace slag to market for electric arc furnace slag, for recovery",electric arc furnace slag
"electric arc furnace slag to market for electric arc furnace slag, for recovery",electric arc furnace slag
"electric arc furnace slag to market for electric arc furnace slag, for recovery",electric arc furnace slag
"electric arc furnace slag to market for electric arc furnace slag, for recovery",electric arc furnace slag
"market for electric arc furnace slag, for recovery","electric arc furnace slag, for recovery"
"market for electric arc furnace slag, for recovery","electric arc furnace slag, for recovery"
"market for electric arc furnace slag, for recovery","electric arc furnace slag, for recovery"
"market for electric arc furnace slag, for recovery","electric arc furnace slag, for recovery"
market for electric arc furnace slag,electric arc furnace slag
market for electric arc furnace slag,electric arc furnace slag
market for electric arc furnace slag,electric arc furnace slag
market for electric arc furnace slag,electric arc furnace slag
"treatment of basic oxygen furnace slag, residual material landfill",basic oxygen furnace slag
"treatment of basic oxygen furnace slag, residual material landfill",basic oxygen furnace slag
"treatment of basic oxygen furnace slag, residual material landfill",basic oxygen furnace slag
"treatment of basic oxygen furnace slag, residual material landfill",basic oxygen furnace slag
"treatment of basic oxygen furnace slag, residual material landfill",basic oxygen furnace slag
"treatment of basic oxygen furnace slag, residual material landfill",basic oxygen furnace slag
"treatment of basic oxygen furnace slag, residual material landfill",basic oxygen furnace slag
"treatment of basic oxygen furnace slag, residual material landfill",basic oxygen furnace slag
"treatment of basic oxygen furnace slag, residual material landfill",basic oxygen furnace slag
"treatment of basic oxygen furnace slag, residual material landfill",basic oxygen furnace slag
"treatment of basic oxygen furnace slag, residual material landfill",basic oxygen furnace slag
"treatment of basic oxygen furnace slag, residual material landfill",basic oxygen furnace slag
"treatment of basic oxygen furnace slag, residual material landfill",basic oxygen furnace slag
"basic oxygen furnace slag to market for basic oxygen furnace slag, for recovery",basic oxygen furnace slag
"basic oxygen furnace slag to market for basic oxygen furnace slag, for recovery",basic oxygen furnace slag
"basic oxygen furnace slag to market for basic oxygen furnace slag, for recovery",basic oxygen furnace slag
"basic oxygen furnace slag to market for basic oxygen furnace slag, for recovery",basic oxygen furnace slag
"basic oxygen furnace slag to market for basic oxygen furnace slag, for recovery",basic oxygen furnace slag
"basic oxygen furnace slag to market for basic oxygen furnace slag, for recovery",basic oxygen furnace slag
"basic oxygen furnace slag to market for basic oxygen furnace slag, for recovery",basic oxygen furnace slag
"basic oxygen furnace slag to market for basic oxygen furnace slag, for recovery",basic oxygen furnace slag
"basic oxygen furnace slag to market for basic oxygen furnace slag, for recovery",basic oxygen furnace slag
"basic oxygen furnace slag to market for basic oxygen furnace slag, for recovery",basic oxygen furnace slag
"basic oxygen furnace slag to market for basic oxygen furnace slag, for recovery",basic oxygen furnace slag
"basic oxygen furnace slag to market for basic oxygen furnace slag, for recovery",basic oxygen furnace slag
"basic oxygen furnace slag to market for basic oxygen furnace slag, for recovery",basic oxygen furnace slag
"market for basic oxygen furnace slag, for recovery","basic oxygen furnace slag, for recovery"
"market for basic oxygen furnace slag, for recovery","basic oxygen furnace slag, for recovery"
"market for basic oxygen furnace slag, for recovery","basic oxygen furnace slag, for recovery"
market for basic oxygen furnace slag,basic oxygen furnace slag
market for basic oxygen furnace slag,basic oxygen furnace slag
market for basic oxygen furnace slag,basic oxygen furnace slag
"market for oxygen, liquid","oxygen, liquid"
"market for oxygen, liquid","oxygen, liquid"
"market for oxygen, liquid","oxygen, liquid"
"market for oxygen, liquid","oxygen, liquid"
"market for oxygen, liquid","oxygen, liquid"
"market for oxygen, liquid","oxygen, liquid"
"market for oxygen, liquid","oxygen, liquid"
"market for oxygen, liquid","oxygen, liquid"
"market for oxygen, liquid","oxygen, liquid"
"market for oxygen, liquid","oxygen, liquid"
"market for oxygen, liquid","oxygen, liquid"
"market for oxygen, liquid","oxygen, liquid"
"market for oxygen, liquid","oxygen, liquid"
"industrial gases production, cryogenic air separation","oxygen, liquid"
"industrial gases production, cryogenic air separation","oxygen, liquid"
"industrial gases production, cryogenic air separation","oxygen, liquid"
"industrial gases production, cryogenic air separation","oxygen, liquid"
"industrial gases production, cryogenic air separation","oxygen, liquid"
"industrial gases production, cryogenic air separation","oxygen, liquid"
"industrial gases production, cryogenic air separation","oxygen, liquid"
"industrial gases production, cryogenic air separation","oxygen, liquid"
"industrial gases production, cryogenic air separation","oxygen, liquid"
"industrial gases production, cryogenic air separation","oxygen, liquid"
"industrial gases production, cryogenic air separation","oxygen, liquid"
"industrial gases production, cryogenic air separation","oxygen, liquid"
"industrial gases production, cryogenic air separation","oxygen, liquid"
"industrial gases production, cryogenic air separation","nitrogen, liquid"
"industrial gases production, cryogenic air separation","nitrogen, liquid"
"industrial gases production, cryogenic air separation","nitrogen, liquid"
"industrial gases production, cryogenic air separation","nitrogen, liquid"
"industrial gases production, cryogenic air separation","nitrogen, liquid"
"industrial gases production, cryogenic air separation","nitrogen, liquid"
"industrial gases production, cryogenic air separation","nitrogen, liquid"
"industrial gases production, cryogenic air separation","nitrogen, liquid"
"industrial gases production, cryogenic air separation","nitrogen, liquid"
"industrial gases production, cryogenic air separation","nitrogen, liquid"
"industrial gases production, cryogenic air separation","nitrogen, liquid"
"industrial gases production, cryogenic air separation","nitrogen, liquid"
"industrial gases production, cryogenic air separation","nitrogen, liquid"
"industrial gases production, cryogenic air separation","argon, crude, liquid"
"industrial gases production, cryogenic air separation","argon, crude, liquid"
"industrial gases production, cryogenic air separation","argon, crude, liquid"
"industrial gases production, cryogenic air separation","argon, crude, liquid"
"industrial gases production, cryogenic air separation","argon, crude, liquid"
"industrial gases production, cryogenic air separation","argon, crude, liquid"
"industrial gases production, cryogenic air separation","argon, crude, liquid"
"industrial gases production, cryogenic air separation","argon, crude, liquid"
"industrial gases production, cryogenic air separation","argon, crude, liquid"
"industrial gases production, cryogenic air separation","argon, crude, liquid"
"industrial gases production, cryogenic air separation","argon, crude, liquid"
"industrial gases production, cryogenic air separation","argon, crude, liquid"
"industrial gases production, cryogenic air separation","argon, crude, liquid"
"transport, freight, sea, container ship","transport, freight, sea, container ship"
"transport, freight, sea, container ship","transport, freight, sea, container ship"
"transport, freight, sea, container ship","transport, freight, sea, container ship"
"transport, freight, sea, container ship","transport, freight, sea, container ship"
"transport, freight, sea, container ship","transport, freight, sea, container ship"
"transport, freight, sea, container ship","transport, freight, sea, container ship"
"transport, freight, sea, container ship","transport, freight, sea, container ship"
"transport, freight, sea, container ship","transport, freight, sea, container ship"
"transport, freight, sea, container ship","transport, freight, sea, container ship"
"transport, freight, sea, container ship","transport, freight, sea, container ship"
"transport, freight, sea, container ship","transport, freight, sea, container ship"
"transport, freight, sea, container ship","transport, freight, sea, container ship"
"transport, freight, sea, container ship","transport, freight, sea, container ship"
"transport, freight train, electricity","transport, freight train"
"transport, freight train, electricity","transport, freight train"
"transport, freight train, electricity","transport, freight train"
"transport, freight train, electricity","transport, freight train"
"transport, freight train, electricity","transport, freight train"
"transport, freight train, electricity","transport, freight train"
"transport, freight train, electricity","transport, freight train"
"transport, freight train, electricity","transport, freight train"
"transport, freight train, electricity","transport, freight train"
"transport, freight train, electricity","transport, freight train"
"transport, freight train, electricity","transport, freight train"
"transport, freight train, electricity","transport, freight train"
"transport, freight train, electricity","transport, freight train"
"transport, freight train, diesel","transport, freight train"
"transport, freight train, diesel","transport, freight train"
"transport, freight train, diesel","transport, freight train"
"transport, freight train, diesel","transport, freight train"
"transport, freight train, diesel","transport, freight train"
"transport, freight train, diesel","transport, freight train"
"transport, freight train, diesel","transport, freight train"
"transport, freight train, diesel","transport, freight train"
"transport, freight train, diesel","transport, freight train"
"transport, freight train, diesel","transport, freight train"
"transport, freight train, diesel","transport, freight train"
"transport, freight train, diesel","transport, freight train"
"transport, freight train, diesel","transport, freight train"
"transport, freight train, diesel, with particle filter","transport, freight train"
"transport, freight train, diesel, with particle filter","transport, freight train"
"transport, freight train, diesel, with particle filter","transport, freight train"
"transport, freight train, diesel, with particle filter","transport, freight train"
"transport, freight train, diesel, with particle filter","transport, freight train"
"transport, freight train, diesel, with particle filter","transport, freight train"
"transport, freight train, diesel, with particle filter","transport, freight train"
"transport, freight train, diesel, with particle filter","transport, freight train"
"transport, freight train, diesel, with particle filter","transport, freight train"
"transport, freight train, diesel, with particle filter","transport, freight train"
"transport, freight train, diesel, with particle filter","transport, freight train"
"transport, freight train, diesel, with particle filter","transport, freight train"
"transport, freight train, diesel, with particle filter","transport, freight train"
ethanol production from sugar beet,"ethanol, without water, in 95% solution state, from fermentation"
ethanol production from sugar beet,"ethanol, without water, in 95% solution state, from fermentation"
ethanol production from sugar beet,"ethanol, without water, in 95% solution state, from fermentation"
ethanol production from sugar beet,"ethanol, without water, in 95% solution state, from fermentation"
ethanol production from sugar beet,"ethanol, without water, in 95% solution state, from fermentation"
ethanol production from sugar beet,"ethanol, without water, in 95% solution state, from fermentation"
ethanol production from sugar beet,"ethanol, without water, in 95% solution state, from fermentation"
ethanol production from sugar beet,"ethanol, without water, in 95% solution state, from fermentation"
ethanol production from sugar beet,"ethanol, without water, in 95% solution state, from fermentation"
ethanol production from sugar beet,"ethanol, without water, in 95% solution state, from fermentation"
ethanol production from sugar beet,"ethanol, without water, in 95% solution state, from fermentation"
ethanol production from sugar beet,"ethanol, without water, in 95% solution state, from fermentation"
ethanol production from sugar beet,"ethanol, without water, in 95% solution state, from fermentation"
ethanol production from sugar beet molasses,"ethanol, without water, in 95% solution state, from fermentation"
ethanol production from sugar beet molasses,"ethanol, without water, in 95% solution state, from fermentation"
ethanol production from sugar beet molasses,"ethanol, without water, in 95% solution state, from fermentation"
ethanol production from sugar beet molasses,"ethanol, without water, in 95% solution state, from fermentation"
ethanol production from sugar beet molasses,"ethanol, without water, in 95% solution state, from fermentation"
ethanol production from sugar beet molasses,"ethanol, without water, in 95% solution state, from fermentation"
ethanol production from sugar beet molasses,"ethanol, without water, in 95% solution state, from fermentation"
ethanol production from sugar beet molasses,"ethanol, without water, in 95% solution state, from fermentation"
ethanol production from sugar beet molasses,"ethanol, without water, in 95% solution state, from fermentation"
ethanol production from sugar beet molasses,"ethanol, without water, in 95% solution state, from fermentation"
ethanol production from sugar beet molasses,"ethanol, without water, in 95% solution state, from fermentation"
ethanol production from sugar beet molasses,"ethanol, without water, in 95% solution state, from fermentation"
ethanol production from sugar beet molasses,"ethanol, without water, in 95% solution state, from fermentation"
"petroleum and gas production, offshore","natural gas, high pressure"
"petroleum and gas production, offshore","natural gas, high pressure"
"petroleum and gas production, offshore","natural gas, high pressure"
"petroleum and gas production, offshore","natural gas, high pressure"
"petroleum and gas production, offshore","natural gas, high pressure"
"petroleum and gas production, offshore","natural gas, high pressure"
"petroleum and gas production, offshore","natural gas, high pressure"
"petroleum and gas production, offshore","natural gas, high pressure"
"petroleum and gas production, offshore","natural gas, high pressure"
"petroleum and gas production, offshore","natural gas, high pressure"
"petroleum and gas production, offshore","natural gas, high pressure"
"petroleum and gas production, offshore","natural gas, high pressure"
"petroleum and gas production, offshore","natural gas, high pressure"
"electricity production, deep geothermal","electricity, high voltage"
"electricity production, deep geothermal","electricity, high voltage"
"electricity production, deep geothermal","electricity, high voltage"
"electricity production, deep geothermal","electricity, high voltage"
"electricity production, deep geothermal","electricity, high voltage"
"electricity production, deep geothermal","electricity, high voltage"
"electricity production, deep geothermal","electricity, high voltage"
"electricity production, deep geothermal","electricity, high voltage"
"electricity production, deep geothermal","electricity, high voltage"
"electricity production, deep geothermal","electricity, high voltage"
"electricity production, deep geothermal","electricity, high voltage"
"electricity production, deep geothermal","electricity, high voltage"
"electricity production, deep geothermal","electricity, high voltage"
"natural gas production, liquefied","natural gas, liquefied"
"natural gas production, liquefied","natural gas, liquefied"
"natural gas production, liquefied","natural gas, liquefied"
"natural gas production, liquefied","natural gas, liquefied"
"natural gas production, liquefied","natural gas, liquefied"
"natural gas production, liquefied","natural gas, liquefied"
"natural gas production, liquefied","natural gas, liquefied"
"natural gas production, liquefied","natural gas, liquefied"
"natural gas production, liquefied","natural gas, liquefied"
"natural gas production, liquefied","natural gas, liquefied"
"natural gas production, liquefied","natural gas, liquefied"
"natural gas production, liquefied","natural gas, liquefied"
"natural gas production, liquefied","natural gas, liquefied"
"heat and power co-generation, natural gas, conventional power plant, 100MW electrical","electricity, high voltage"
"heat and power co-generation, natural gas, conventional power plant, 100MW electrical","electricity, high voltage"
"heat and power co-generation, natural gas, conventional power plant, 100MW electrical","electricity, high voltage"
"heat and power co-generation, natural gas, conventional power plant, 100MW electrical","electricity, high voltage"
"heat and power co-generation, natural gas, conventional power plant, 100MW electrical","electricity, high voltage"
"heat and power co-generation, natural gas, conventional power plant, 100MW electrical","electricity, high voltage"
"heat and power co-generation, natural gas, conventional power plant, 100MW electrical","electricity, high voltage"
"heat and power co-generation, natural gas, conventional power plant, 100MW electrical","electricity, high voltage"
"heat and power co-generation, natural gas, conventional power plant, 100MW electrical","electricity, high voltage"
"heat and power co-generation, natural gas, conventional power plant, 100MW electrical","electricity, high voltage"
"heat and power co-generation, natural gas, conventional power plant, 100MW electrical","electricity, high voltage"
"heat and power co-generation, natural gas, conventional power plant, 100MW electrical","electricity, high voltage"
"heat and power co-generation, natural gas, conventional power plant, 100MW electrical","electricity, high voltage"
"electricity production, wind, <1MW turbine, onshore","electricity, high voltage"
"electricity production, wind, <1MW turbine, onshore","electricity, high voltage"
"electricity production, wind, <1MW turbine, onshore","electricity, high voltage"
"electricity production, wind, <1MW turbine, onshore","electricity, high voltage"
"electricity production, wind, <1MW turbine, onshore","electricity, high voltage"
"electricity production, wind, <1MW turbine, onshore","electricity, high voltage"
"electricity production, wind, <1MW turbine, onshore","electricity, high voltage"
"electricity production, wind, <1MW turbine, onshore","electricity, high voltage"
"electricity production, wind, <1MW turbine, onshore","electricity, high voltage"
"electricity production, wind, <1MW turbine, onshore","electricity, high voltage"
"electricity production, wind, <1MW turbine, onshore","electricity, high voltage"
"electricity production, wind, <1MW turbine, onshore","electricity, high voltage"
"electricity production, wind, <1MW turbine, onshore","electricity, high voltage"
"heat and power co-generation, wood chips, 6667 kW, state-of-the-art 2014","electricity, high voltage"
"heat and power co-generation, wood chips, 6667 kW, state-of-the-art 2014","electricity, high voltage"
"heat and power co-generation, wood chips, 6667 kW, state-of-the-art 2014","electricity, high voltage"
"heat and power co-generation, wood chips, 6667 kW, state-of-the-art 2014","electricity, high voltage"
"heat and power co-generation, wood chips, 6667 kW, state-of-the-art 2014","electricity, high voltage"
"heat and power co-generation, wood chips, 6667 kW, state-of-the-art 2014","electricity, high voltage"
"heat and power co-generation, wood chips, 6667 kW, state-of-the-art 2014","electricity, high voltage"
"heat and power co-generation, wood chips, 6667 kW, state-of-the-art 2014","electricity, high voltage"
"heat and power co-generation, wood chips, 6667 kW, state-of-the-art 2014","electricity, high voltage"
"heat and power co-generation, wood chips, 6667 kW, state-of-the-art 2014","electricity, high voltage"
"heat and power co-generation, wood chips, 6667 kW, state-of-the-art 2014","electricity, high voltage"
"heat and power co-generation, wood chips, 6667 kW, state-of-the-art 2014","electricity, high voltage"
"heat and power co-generation, wood chips, 6667 kW, state-of-the-art 2014","electricity, high voltage"
"electricity production, hard coal, at coal mine power plant","electricity, high voltage, for internal use in coal mining"
"electricity production, hard coal, at coal mine power plant","electricity, high voltage, for internal use in coal mining"
"electricity production, hard coal, at coal mine power plant","electricity, high voltage, for internal use in coal mining"
"electricity production, hard coal, at coal mine power plant","electricity, high voltage, for internal use in coal mining"
"electricity production, hard coal, at coal mine power plant","electricity, high voltage, for internal use in coal mining"
"electricity production, hard coal, at coal mine power plant","electricity, high voltage, for internal use in coal mining"
"electricity production, hard coal, at coal mine power plant","electricity, high voltage, for internal use in coal mining"
"electricity production, hard coal, at coal mine power plant","electricity, high voltage, for internal use in coal mining"
"electricity production, hard coal, at coal mine power plant","electricity, high voltage, for internal use in coal mining"
"electricity production, hard coal, at coal mine power plant","electricity, high voltage, for internal use in coal mining"
"electricity production, hard coal, at coal mine power plant","electricity, high voltage, for internal use in coal mining"
"electricity production, hard coal, at coal mine power plant","electricity, high voltage, for internal use in coal mining"
"electricity production, hard coal, at coal mine power plant","electricity, high voltage, for internal use in coal mining"
"petrol production, low-sulfur","petrol, low-sulfur"
"petrol production, low-sulfur","petrol, low-sulfur"
"petrol production, low-sulfur","petrol, low-sulfur"
"petrol production, low-sulfur","petrol, low-sulfur"
"petrol production, low-sulfur","petrol, low-sulfur"
"petrol production, low-sulfur","petrol, low-sulfur"
"petrol production, low-sulfur","petrol, low-sulfur"
"petrol production, low-sulfur","petrol, low-sulfur"
"petrol production, low-sulfur","petrol, low-sulfur"
"petrol production, low-sulfur","petrol, low-sulfur"
"petrol production, low-sulfur","petrol, low-sulfur"
"petrol production, low-sulfur","petrol, low-sulfur"
"petrol production, low-sulfur","petrol, low-sulfur"
"electricity production, wind, >3MW turbine, onshore","electricity, high voltage"
"electricity production, wind, >3MW turbine, onshore","electricity, high voltage"
"electricity production, wind, >3MW turbine, onshore","electricity, high voltage"
"electricity production, wind, >3MW turbine, onshore","electricity, high voltage"
"electricity production, wind, >3MW turbine, onshore","electricity, high voltage"
"electricity production, wind, >3MW turbine, onshore","electricity, high voltage"
"electricity production, wind, >3MW turbine, onshore","electricity, high voltage"
"electricity production, wind, >3MW turbine, onshore","electricity, high voltage"
"electricity production, wind, >3MW turbine, onshore","electricity, high voltage"
"electricity production, wind, >3MW turbine, onshore","electricity, high voltage"
"electricity production, wind, >3MW turbine, onshore","electricity, high voltage"
"electricity production, wind, >3MW turbine, onshore","electricity, high voltage"
"electricity production, wind, >3MW turbine, onshore","electricity, high voltage"
"electricity production, natural gas, combined cycle power plant","electricity, high voltage"
"electricity production, natural gas, combined cycle power plant","electricity, high voltage"
"electricity production, natural gas, combined cycle power plant","electricity, high voltage"
"electricity production, natural gas, combined cycle power plant","electricity, high voltage"
"electricity production, natural gas, combined cycle power plant","electricity, high voltage"
"electricity production, natural gas, combined cycle power plant","electricity, high voltage"
"electricity production, natural gas, combined cycle power plant","electricity, high voltage"
"electricity production, natural gas, combined cycle power plant","electricity, high voltage"
"electricity production, natural gas, combined cycle power plant","electricity, high voltage"
"electricity production, natural gas, combined cycle power plant","electricity, high voltage"
"electricity production, natural gas, combined cycle power plant","electricity, high voltage"
"electricity production, natural gas, combined cycle power plant","electricity, high voltage"
"electricity production, natural gas, combined cycle power plant","electricity, high voltage"
"electricity production, hydro, reservoir, non-alpine region","electricity, high voltage"
"electricity production, hydro, reservoir, non-alpine region","electricity, high voltage"
"electricity production, hydro, reservoir, non-alpine region","electricity, high voltage"
"electricity production, hydro, reservoir, non-alpine region","electricity, high voltage"
"electricity production, hydro, reservoir, non-alpine region","electricity, high voltage"
"electricity production, hydro, reservoir, non-alpine region","electricity, high voltage"
"electricity production, hydro, reservoir, non-alpine region","electricity, high voltage"
"electricity production, hydro, reservoir, non-alpine region","electricity, high voltage"
"electricity production, hydro, reservoir, non-alpine region","electricity, high voltage"
"electricity production, hydro, reservoir, non-alpine region","electricity, high voltage"
"electricity production, hydro, reservoir, non-alpine region","electricity, high voltage"
"electricity production, hydro, reservoir, non-alpine region","electricity, high voltage"
"electricity production, hydro, reservoir, non-alpine region","electricity, high voltage"
"drying, natural gas","drying, natural gas"
"drying, natural gas","drying, natural gas"
"drying, natural gas","drying, natural gas"
"drying, natural gas","drying, natural gas"
"drying, natural gas","drying, natural gas"
"drying, natural gas","drying, natural gas"
"drying, natural gas","drying, natural gas"
"drying, natural gas","drying, natural gas"
"drying, natural gas","drying, natural gas"
"drying, natural gas","drying, natural gas"
"drying, natural gas","drying, natural gas"
"drying, natural gas","drying, natural gas"
"drying, natural gas","drying, natural gas"
"market for biomethane, high pressure","biomethane, high pressure"
"market for biomethane, high pressure","biomethane, high pressure"
"market for biomethane, high pressure","biomethane, high pressure"
"market for biomethane, high pressure","biomethane, high pressure"
"market for biomethane, high pressure","biomethane, high pressure"
"market for biomethane, high pressure","biomethane, high pressure"
"market for biomethane, high pressure","biomethane, high pressure"
"market for biomethane, high pressure","biomethane, high pressure"
"market for biomethane, high pressure","biomethane, high pressure"
"market for biomethane, high pressure","biomethane, high pressure"
"market for biomethane, high pressure","biomethane, high pressure"
"market for biomethane, high pressure","biomethane, high pressure"
"market for biomethane, high pressure","biomethane, high pressure"
"mixed natural gas and biomethane production, high pressure","mixed natural gas and biomethane, high pressure"
"mixed natural gas and biomethane production, high pressure","mixed natural gas and biomethane, high pressure"
"mixed natural gas and biomethane production, high pressure","mixed natural gas and biomethane, high pressure"
"mixed natural gas and biomethane production, high pressure","mixed natural gas and biomethane, high pressure"
"mixed natural gas and biomethane production, high pressure","mixed natural gas and biomethane, high pressure"
"mixed natural gas and biomethane production, high pressure","mixed natural gas and biomethane, high pressure"
"mixed natural gas and biomethane production, high pressure","mixed natural gas and biomethane, high pressure"
"mixed natural gas and biomethane production, high pressure","mixed natural gas and biomethane, high pressure"
"mixed natural gas and biomethane production, high pressure","mixed natural gas and biomethane, high pressure"
"mixed natural gas and biomethane production, high pressure","mixed natural gas and biomethane, high pressure"
"mixed natural gas and biomethane production, high pressure","mixed natural gas and biomethane, high pressure"
"mixed natural gas and biomethane production, high pressure","mixed natural gas and biomethane, high pressure"
"mixed natural gas and biomethane production, high pressure","mixed natural gas and biomethane, high pressure"
"electricity production, nuclear, pressure water reactor, heavy water moderated","electricity, high voltage"
"electricity production, nuclear, pressure water reactor, heavy water moderated","electricity, high voltage"
"electricity production, nuclear, pressure water reactor, heavy water moderated","electricity, high voltage"
"electricity production, nuclear, pressure water reactor, heavy water moderated","electricity, high voltage"
"electricity production, nuclear, pressure water reactor, heavy water moderated","electricity, high voltage"
"electricity production, nuclear, pressure water reactor, heavy water moderated","electricity, high voltage"
"electricity production, nuclear, pressure water reactor, heavy water moderated","electricity, high voltage"
"electricity production, nuclear, pressure water reactor, heavy water moderated","electricity, high voltage"
"electricity production, nuclear, pressure water reactor, heavy water moderated","electricity, high voltage"
"electricity production, nuclear, pressure water reactor, heavy water moderated","electricity, high voltage"
"electricity production, nuclear, pressure water reactor, heavy water moderated","electricity, high voltage"
"electricity production, nuclear, pressure water reactor, heavy water moderated","electricity, high voltage"
"electricity production, nuclear, pressure water reactor, heavy water moderated","electricity, high voltage"
"electricity production, lignite","electricity, high voltage"
"electricity production, lignite","electricity, high voltage"
"electricity production, lignite","electricity, high voltage"
"electricity production, lignite","electricity, high voltage"
"electricity production, lignite","electricity, high voltage"
"electricity production, lignite","electricity, high voltage"
"electricity production, lignite","electricity, high voltage"
"electricity production, lignite","electricity, high voltage"
"electricity production, lignite","electricity, high voltage"
"electricity production, lignite","electricity, high voltage"
"electricity production, lignite","electricity, high voltage"
"electricity production, lignite","electricity, high voltage"
"electricity production, lignite","electricity, high voltage"
"electricity production, wind, 1-3MW turbine, offshore","electricity, high voltage"
"electricity production, wind, 1-3MW turbine, offshore","electricity, high voltage"
"electricity production, wind, 1-3MW turbine, offshore","electricity, high voltage"
"electricity production, wind, 1-3MW turbine, offshore","electricity, high voltage"
"electricity production, wind, 1-3MW turbine, offshore","electricity, high voltage"
"electricity production, wind, 1-3MW turbine, offshore","electricity, high voltage"
"electricity production, wind, 1-3MW turbine, offshore","electricity, high voltage"
"electricity production, wind, 1-3MW turbine, offshore","electricity, high voltage"
"electricity production, wind, 1-3MW turbine, offshore","electricity, high voltage"
"electricity production, wind, 1-3MW turbine, offshore","electricity, high voltage"
"electricity production, wind, 1-3MW turbine, offshore","electricity, high voltage"
"electricity production, wind, 1-3MW turbine, offshore","electricity, high voltage"
"electricity production, wind, 1-3MW turbine, offshore","electricity, high voltage"
"heat and power co-generation, hard coal","electricity, high voltage"
"heat and power co-generation, hard coal","electricity, high voltage"
"heat and power co-generation, hard coal","electricity, high voltage"
"heat and power co-generation, hard coal","electricity, high voltage"
"heat and power co-generation, hard coal","electricity, high voltage"
"heat and power co-generation, hard coal","electricity, high voltage"
"heat and power co-generation, hard coal","electricity, high voltage"
"heat and power co-generation, hard coal","electricity, high voltage"
"heat and power co-generation, hard coal","electricity, high voltage"
"heat and power co-generation, hard coal","electricity, high voltage"
"heat and power co-generation, hard coal","electricity, high voltage"
"heat and power co-generation, hard coal","electricity, high voltage"
"heat and power co-generation, hard coal","electricity, high voltage"
"electricity production, hydro, reservoir, alpine region","electricity, high voltage"
"electricity production, hydro, reservoir, alpine region","electricity, high voltage"
"electricity production, hydro, reservoir, alpine region","electricity, high voltage"
"electricity production, hydro, reservoir, alpine region","electricity, high voltage"
"electricity production, hydro, reservoir, alpine region","electricity, high voltage"
"electricity production, hydro, reservoir, alpine region","electricity, high voltage"
"electricity production, hydro, reservoir, alpine region","electricity, high voltage"
"electricity production, hydro, reservoir, alpine region","electricity, high voltage"
"electricity production, hydro, reservoir, alpine region","electricity, high voltage"
"electricity production, hydro, reservoir, alpine region","electricity, high voltage"
"electricity production, hydro, reservoir, alpine region","electricity, high voltage"
"electricity production, hydro, reservoir, alpine region","electricity, high voltage"
"electricity production, hydro, reservoir, alpine region","electricity, high voltage"
"electricity production, nuclear, boiling water reactor","electricity, high voltage"
"electricity production, nuclear, boiling water reactor","electricity, high voltage"
"electricity production, nuclear, boiling water reactor","electricity, high voltage"
"electricity production, nuclear, boiling water reactor","electricity, high voltage"
"electricity production, nuclear, boiling water reactor","electricity, high voltage"
"electricity production, nuclear, boiling water reactor","electricity, high voltage"
"electricity production, nuclear, boiling water reactor","electricity, high voltage"
"electricity production, nuclear, boiling water reactor","electricity, high voltage"
"electricity production, nuclear, boiling water reactor","electricity, high voltage"
"electricity production, nuclear, boiling water reactor","electricity, high voltage"
"electricity production, nuclear, boiling water reactor","electricity, high voltage"
"electricity production, nuclear, boiling water reactor","electricity, high voltage"
"electricity production, nuclear, boiling water reactor","electricity, high voltage"
"electricity production, hydro, reservoir, tropical region","electricity, high voltage"
"electricity production, hydro, reservoir, tropical region","electricity, high voltage"
"electricity production, hydro, reservoir, tropical region","electricity, high voltage"
"electricity production, hydro, reservoir, tropical region","electricity, high voltage"
"electricity production, hydro, reservoir, tropical region","electricity, high voltage"
"electricity production, hydro, reservoir, tropical region","electricity, high voltage"
"electricity production, hydro, reservoir, tropical region","electricity, high voltage"
"electricity production, hydro, reservoir, tropical region","electricity, high voltage"
"electricity production, hydro, reservoir, tropical region","electricity, high voltage"
"electricity production, hydro, reservoir, tropical region","electricity, high voltage"
"electricity production, hydro, reservoir, tropical region","electricity, high voltage"
"electricity production, hydro, reservoir, tropical region","electricity, high voltage"
"electricity production, hydro, reservoir, tropical region","electricity, high voltage"
"electricity production, nuclear, pressure water reactor","electricity, high voltage"
"electricity production, nuclear, pressure water reactor","electricity, high voltage"
"electricity production, nuclear, pressure water reactor","electricity, high voltage"
"electricity production, nuclear, pressure water reactor","electricity, high voltage"
"electricity production, nuclear, pressure water reactor","electricity, high voltage"
"electricity production, nuclear, pressure water reactor","electricity, high voltage"
"electricity production, nuclear, pressure water reactor","electricity, high voltage"
"electricity production, nuclear, pressure water reactor","electricity, high voltage"
"electricity production, nuclear, pressure water reactor","electricity, high voltage"
"electricity production, nuclear, pressure water reactor","electricity, high voltage"
"electricity production, nuclear, pressure water reactor","electricity, high voltage"
"electricity production, nuclear, pressure water reactor","electricity, high voltage"
"electricity production, nuclear, pressure water reactor","electricity, high voltage"
"petroleum and gas production, onshore","natural gas, high pressure"
"petroleum and gas production, onshore","natural gas, high pressure"
"petroleum and gas production, onshore","natural gas, high pressure"
"petroleum and gas production, onshore","natural gas, high pressure"
"petroleum and gas production, onshore","natural gas, high pressure"
"petroleum and gas production, onshore","natural gas, high pressure"
"petroleum and gas production, onshore","natural gas, high pressure"
"petroleum and gas production, onshore","natural gas, high pressure"
"petroleum and gas production, onshore","natural gas, high pressure"
"petroleum and gas production, onshore","natural gas, high pressure"
"petroleum and gas production, onshore","natural gas, high pressure"
"petroleum and gas production, onshore","natural gas, high pressure"
"petroleum and gas production, onshore","natural gas, high pressure"
"electricity production, oil","electricity, high voltage"
"electricity production, oil","electricity, high voltage"
"electricity production, oil","electricity, high voltage"
"electricity production, oil","electricity, high voltage"
"electricity production, oil","electricity, high voltage"
"electricity production, oil","electricity, high voltage"
"electricity production, oil","electricity, high voltage"
"electricity production, oil","electricity, high voltage"
"electricity production, oil","electricity, high voltage"
"electricity production, oil","electricity, high voltage"
"electricity production, oil","electricity, high voltage"
"electricity production, oil","electricity, high voltage"
"electricity production, oil","electricity, high voltage"
"electricity production, hydro, run-of-river","electricity, high voltage"
"electricity production, hydro, run-of-river","electricity, high voltage"
"electricity production, hydro, run-of-river","electricity, high voltage"
"electricity production, hydro, run-of-river","electricity, high voltage"
"electricity production, hydro, run-of-river","electricity, high voltage"
"electricity production, hydro, run-of-river","electricity, high voltage"
"electricity production, hydro, run-of-river","electricity, high voltage"
"electricity production, hydro, run-of-river","electricity, high voltage"
"electricity production, hydro, run-of-river","electricity, high voltage"
"electricity production, hydro, run-of-river","electricity, high voltage"
"electricity production, hydro, run-of-river","electricity, high voltage"
"electricity production, hydro, run-of-river","electricity, high voltage"
"electricity production, hydro, run-of-river","electricity, high voltage"
"electricity production, solar thermal parabolic trough, 50 MW","electricity, high voltage"
"electricity production, solar thermal parabolic trough, 50 MW","electricity, high voltage"
"electricity production, solar thermal parabolic trough, 50 MW","electricity, high voltage"
"electricity production, solar thermal parabolic trough, 50 MW","electricity, high voltage"
"electricity production, solar thermal parabolic trough, 50 MW","electricity, high voltage"
"electricity production, solar thermal parabolic trough, 50 MW","electricity, high voltage"
"electricity production, solar thermal parabolic trough, 50 MW","electricity, high voltage"
"electricity production, solar thermal parabolic trough, 50 MW","electricity, high voltage"
"electricity production, solar thermal parabolic trough, 50 MW","electricity, high voltage"
"electricity production, solar thermal parabolic trough, 50 MW","electricity, high voltage"
"electricity production, solar thermal parabolic trough, 50 MW","electricity, high voltage"
"electricity production, solar thermal parabolic trough, 50 MW","electricity, high voltage"
"electricity production, solar thermal parabolic trough, 50 MW","electricity, high voltage"
"diesel production, low-sulfur, petroleum refinery operation","diesel, low-sulfur"
"diesel production, low-sulfur, petroleum refinery operation","diesel, low-sulfur"
"diesel production, low-sulfur, petroleum refinery operation","diesel, low-sulfur"
"diesel production, low-sulfur, petroleum refinery operation","diesel, low-sulfur"
"diesel production, low-sulfur, petroleum refinery operation","diesel, low-sulfur"
"diesel production, low-sulfur, petroleum refinery operation","diesel, low-sulfur"
"diesel production, low-sulfur, petroleum refinery operation","diesel, low-sulfur"
"diesel production, low-sulfur, petroleum refinery operation","diesel, low-sulfur"
"diesel production, low-sulfur, petroleum refinery operation","diesel, low-sulfur"
"diesel production, low-sulfur, petroleum refinery operation","diesel, low-sulfur"
"diesel production, low-sulfur, petroleum refinery operation","diesel, low-sulfur"
"diesel production, low-sulfur, petroleum refinery operation","diesel, low-sulfur"
"diesel production, low-sulfur, petroleum refinery operation","diesel, low-sulfur"
"heat and power co-generation, lignite","electricity, high voltage"
"heat and power co-generation, lignite","electricity, high voltage"
"heat and power co-generation, lignite","electricity, high voltage"
"heat and power co-generation, lignite","electricity, high voltage"
"heat and power co-generation, lignite","electricity, high voltage"
"heat and power co-generation, lignite","electricity, high voltage"
"heat and power co-generation, lignite","electricity, high voltage"
"heat and power co-generation, lignite","electricity, high voltage"
"heat and power co-generation, lignite","electricity, high voltage"
"heat and power co-generation, lignite","electricity, high voltage"
"heat and power co-generation, lignite","electricity, high voltage"
"heat and power co-generation, lignite","electricity, high voltage"
"heat and power co-generation, lignite","electricity, high voltage"
"electricity production, hard coal","electricity, high voltage"
"electricity production, hard coal","electricity, high voltage"
"electricity production, hard coal","electricity, high voltage"
"electricity production, hard coal","electricity, high voltage"
"electricity production, hard coal","electricity, high voltage"
"electricity production, hard coal","electricity, high voltage"
"electricity production, hard coal","electricity, high voltage"
"electricity production, hard coal","electricity, high voltage"
"electricity production, hard coal","electricity, high voltage"
"electricity production, hard coal","electricity, high voltage"
"electricity production, hard coal","electricity, high voltage"
"electricity production, hard coal","electricity, high voltage"
"electricity production, hard coal","electricity, high voltage"
"heat and power co-generation, wood chips, 6667 kW","electricity, high voltage"
"heat and power co-generation, wood chips, 6667 kW","electricity, high voltage"
"heat and power co-generation, wood chips, 6667 kW","electricity, high voltage"
"heat and power co-generation, wood chips, 6667 kW","electricity, high voltage"
"heat and power co-generation, wood chips, 6667 kW","electricity, high voltage"
"heat and power co-generation, wood chips, 6667 kW","electricity, high voltage"
"heat and power co-generation, wood chips, 6667 kW","electricity, high voltage"
"heat and power co-generation, wood chips, 6667 kW","electricity, high voltage"
"heat and power co-generation, wood chips, 6667 kW","electricity, high voltage"
"heat and power co-generation, wood chips, 6667 kW","electricity, high voltage"
"heat and power co-generation, wood chips, 6667 kW","electricity, high voltage"
"heat and power co-generation, wood chips, 6667 kW","electricity, high voltage"
"heat and power co-generation, wood chips, 6667 kW","electricity, high voltage"
"heavy fuel oil production, petroleum refinery operation",heavy fuel oil
"heavy fuel oil production, petroleum refinery operation",heavy fuel oil
"heavy fuel oil production, petroleum refinery operation",heavy fuel oil
"heavy fuel oil production, petroleum refinery operation",heavy fuel oil
"heavy fuel oil production, petroleum refinery operation",heavy fuel oil
"heavy fuel oil production, petroleum refinery operation",heavy fuel oil
"heavy fuel oil production, petroleum refinery operation",heavy fuel oil
"heavy fuel oil production, petroleum refinery operation",heavy fuel oil
"heavy fuel oil production, petroleum refinery operation",heavy fuel oil
"heavy fuel oil production, petroleum refinery operation",heavy fuel oil
"heavy fuel oil production, petroleum refinery operation",heavy fuel oil
"heavy fuel oil production, petroleum refinery operation",heavy fuel oil
"heavy fuel oil production, petroleum refinery operation",heavy fuel oil
"electricity production, wind, 1-3MW turbine, onshore","electricity, high voltage"
"electricity production, wind, 1-3MW turbine, onshore","electricity, high voltage"
"electricity production, wind, 1-3MW turbine, onshore","electricity, high voltage"
"electricity production, wind, 1-3MW turbine, onshore","electricity, high voltage"
"electricity production, wind, 1-3MW turbine, onshore","electricity, high voltage"
"electricity production, wind, 1-3MW turbine, onshore","electricity, high voltage"
"electricity production, wind, 1-3MW turbine, onshore","electricity, high voltage"
"electricity production, wind, 1-3MW turbine, onshore","electricity, high voltage"
"electricity production, wind, 1-3MW turbine, onshore","electricity, high voltage"
"electricity production, wind, 1-3MW turbine, onshore","electricity, high voltage"
"electricity production, wind, 1-3MW turbine, onshore","electricity, high voltage"
"electricity production, wind, 1-3MW turbine, onshore","electricity, high voltage"
"electricity production, wind, 1-3MW turbine, onshore","electricity, high voltage"
"electricity production, solar tower power plant, 20 MW","electricity, high voltage"
"electricity production, solar tower power plant, 20 MW","electricity, high voltage"
"electricity production, solar tower power plant, 20 MW","electricity, high voltage"
"electricity production, solar tower power plant, 20 MW","electricity, high voltage"
"electricity production, solar tower power plant, 20 MW","electricity, high voltage"
"electricity production, solar tower power plant, 20 MW","electricity, high voltage"
"electricity production, solar tower power plant, 20 MW","electricity, high voltage"
"electricity production, solar tower power plant, 20 MW","electricity, high voltage"
"electricity production, solar tower power plant, 20 MW","electricity, high voltage"
"electricity production, solar tower power plant, 20 MW","electricity, high voltage"
"electricity production, solar tower power plant, 20 MW","electricity, high voltage"
"electricity production, solar tower power plant, 20 MW","electricity, high voltage"
"electricity production, solar tower power plant, 20 MW","electricity, high voltage"
"bioethanol, from non-residual cellulosic biomass, burned in passenger car",heat
"bioethanol, from non-residual cellulosic biomass, burned in passenger car",heat
"bioethanol, from non-residual cellulosic biomass, burned in passenger car",heat
"bioethanol, from non-residual cellulosic biomass, burned in passenger car",heat
"bioethanol, from non-residual cellulosic biomass, burned in passenger car",heat
"bioethanol, from non-residual cellulosic biomass, burned in passenger car",heat
"bioethanol, from non-residual cellulosic biomass, burned in passenger car",heat
"bioethanol, from non-residual cellulosic biomass, burned in passenger car",heat
"bioethanol, from non-residual cellulosic biomass, burned in passenger car",heat
"bioethanol, from non-residual cellulosic biomass, burned in passenger car",heat
"bioethanol, from non-residual cellulosic biomass, burned in passenger car",heat
"bioethanol, from non-residual cellulosic biomass, burned in passenger car",heat
"bioethanol, from non-residual cellulosic biomass, burned in passenger car",heat
